unique_id,ds,y_reconciled,forecast_date
Bretagne,2033-01-01,288.6502682678854,2033-01-01
Bretagne,2033-04-01,308.94029508655615,2033-01-01
Bretagne,2033-07-01,288.45324626801886,2033-01-01
Bretagne,2033-10-01,269.05784831312155,2033-01-01
Bretagne,2034-01-01,288.6502682678854,2033-01-01
Bretagne,2034-04-01,308.94029508655615,2033-01-01
Bretagne,2034-07-01,288.45324626801886,2033-01-01
Bretagne,2034-10-01,269.05784831312155,2033-01-01
PaysLoire,2033-01-01,206.56344208893347,2033-01-01
PaysLoire,2033-04-01,226.51603685427023,2033-01-01
PaysLoire,2033-07-01,205.82300444333873,2033-01-01
PaysLoire,2033-10-01,186.47670751900665,2033-01-01
PaysLoire,2034-01-01,206.56344208893347,2033-01-01
PaysLoire,2034-04-01,226.51603685427023,2033-01-01
PaysLoire,2034-07-01,205.82300444333873,2033-01-01
PaysLoire,2034-10-01,186.47670751900665,2033-01-01
Bretagne/GMS,2033-01-01,159.2243790329857,2033-01-01
Bretagne/GMS,2033-04-01,169.17049879656125,2033-01-01
Bretagne/GMS,2033-07-01,159.30517631761464,2033-01-01
Bretagne/GMS,2033-10-01,149.6363141354199,2033-01-01
Bretagne/GMS,2034-01-01,159.2243790329857,2033-01-01
Bretagne/GMS,2034-04-01,169.17049879656125,2033-01-01
Bretagne/GMS,2034-07-01,159.30517631761464,2033-01-01
Bretagne/GMS,2034-10-01,149.6363141354199,2033-01-01
Bretagne/RHD,2033-01-01,129.4258892348997,2033-01-01
Bretagne/RHD,2033-04-01,139.7697962899949,2033-01-01
Bretagne/RHD,2033-07-01,129.14806995040422,2033-01-01
Bretagne/RHD,2033-10-01,119.42153417770163,2033-01-01
Bretagne/RHD,2034-01-01,129.4258892348997,2033-01-01
Bretagne/RHD,2034-04-01,139.7697962899949,2033-01-01
Bretagne/RHD,2034-07-01,129.14806995040422,2033-01-01
Bretagne/RHD,2034-10-01,119.42153417770163,2033-01-01
PaysLoire/GMS,2033-01-01,117.70083907098562,2033-01-01
PaysLoire/GMS,2033-04-01,127.654839314543,2033-01-01
PaysLoire/GMS,2033-07-01,117.2022606341675,2033-01-01
PaysLoire/GMS,2033-10-01,107.61603731878955,2033-01-01
PaysLoire/GMS,2034-01-01,117.70083907098562,2033-01-01
PaysLoire/GMS,2034-04-01,127.654839314543,2033-01-01
PaysLoire/GMS,2034-07-01,117.2022606341675,2033-01-01
PaysLoire/GMS,2034-10-01,107.61603731878955,2033-01-01
PaysLoire/RHD,2033-01-01,88.86260301794783,2033-01-01
PaysLoire/RHD,2033-04-01,98.86119753972721,2033-01-01
PaysLoire/RHD,2033-07-01,88.62074380917122,2033-01-01
PaysLoire/RHD,2033-10-01,78.86067020021711,2033-01-01
PaysLoire/RHD,2034-01-01,88.86260301794783,2033-01-01
PaysLoire/RHD,2034-04-01,98.86119753972721,2033-01-01
PaysLoire/RHD,2034-07-01,88.62074380917122,2033-01-01
PaysLoire/RHD,2034-10-01,78.86067020021711,2033-01-01
